<?xml version = '1.0' encoding = 'UTF-8'?>
<Relation class="oracle.dbtools.crest.model.design.logical.Relation" name="Relation_19" directorySegmentName="seg_0" id="275F7F5B-CDDC-C59C-B931-76237DF019D6">
<createdBy>Marcio Mendes</createdBy>
<createdTime>2020-03-27 00:26:35 UTC</createdTime>
<ownerDesignName>ModeloConceitual</ownerDesignName>
<engineerTo>
<item key="F5E8D89C-084D-407B-E88C-D3669118A65D" value="true"/>
</engineerTo>
<identifying>false</identifying>
<optionalSource>false</optionalSource>
<optionalTarget>false</optionalTarget>
<sourceCardinality>1</sourceCardinality>
<sourceEntity>CC677362-412A-25B8-E1CB-09818D6A18C1</sourceEntity>
<targetCardinalityString>1</targetCardinalityString>
<targetEntity>D057BA67-3766-A1ED-A593-59EFCE762AD5</targetEntity>
<transferable>true</transferable>
<deleteRule>NO ACTION</deleteRule>
</Relation>