<?xml version = '1.0' encoding = 'UTF-8'?>
<Relation class="oracle.dbtools.crest.model.design.logical.Relation" name="reagentes_laboratório" directorySegmentName="seg_0" id="3266F18D-84D4-8B9C-4A9A-DB5B7DB1C168">
<createdBy>Marcio Mendes</createdBy>
<createdTime>2020-03-16 19:04:11 UTC</createdTime>
<ownerDesignName>ModeloConceitual</ownerDesignName>
<engineerTo>
<item key="F5E8D89C-084D-407B-E88C-D3669118A65D" value="true"/>
</engineerTo>
<identifying>false</identifying>
<optionalSource>false</optionalSource>
<optionalTarget>false</optionalTarget>
<sourceCardinality>1</sourceCardinality>
<sourceEntity>4A0CC6DC-AD44-3B66-5A3E-C372D7EFB0D9</sourceEntity>
<targetCardinalityString>1</targetCardinalityString>
<targetEntity>A7AAB81B-45E4-00FB-9664-DD4BEBD05384</targetEntity>
<transferable>true</transferable>
<deleteRule>NO ACTION</deleteRule>
</Relation>