<?xml version = '1.0' encoding = 'UTF-8'?>
<Relation class="oracle.dbtools.crest.model.design.logical.Relation" name="Relation_16" directorySegmentName="seg_0" id="372AF779-962E-C0CC-52AF-CCBBFE8184B1">
<createdBy>Marcio Mendes</createdBy>
<createdTime>2020-03-16 19:13:21 UTC</createdTime>
<ownerDesignName>ModeloConceitual</ownerDesignName>
<engineerTo>
<item key="F5E8D89C-084D-407B-E88C-D3669118A65D" value="true"/>
</engineerTo>
<identifying>false</identifying>
<optionalSource>false</optionalSource>
<optionalTarget>false</optionalTarget>
<sourceCardinality>1</sourceCardinality>
<sourceEntity>4A0CC6DC-AD44-3B66-5A3E-C372D7EFB0D9</sourceEntity>
<targetCardinalityString>1</targetCardinalityString>
<targetEntity>EDA0A414-C32B-2470-5A60-BC296E7C2C44</targetEntity>
<transferable>true</transferable>
<deleteRule>NO ACTION</deleteRule>
</Relation>