<?xml version = '1.0' encoding = 'UTF-8'?>
<Relation class="oracle.dbtools.crest.model.design.logical.Relation" name="Relation_22" directorySegmentName="seg_0" id="6E8894A7-475C-DD03-23A2-8352D9F0332D">
<createdBy>Marcio Mendes</createdBy>
<createdTime>2020-03-27 00:34:37 UTC</createdTime>
<ownerDesignName>ModeloConceitual</ownerDesignName>
<engineerTo>
<item key="F5E8D89C-084D-407B-E88C-D3669118A65D" value="true"/>
</engineerTo>
<identifying>false</identifying>
<optionalSource>false</optionalSource>
<optionalTarget>false</optionalTarget>
<sourceCardinality>1</sourceCardinality>
<sourceEntity>344D0C96-F409-2456-57F5-748966792637</sourceEntity>
<targetCardinalityString>1</targetCardinalityString>
<targetEntity>52CA5F33-0B47-6CFE-9927-D3AD337B3923</targetEntity>
<transferable>true</transferable>
<deleteRule>NO ACTION</deleteRule>
</Relation>