<?xml version = '1.0' encoding = 'UTF-8'?>
<Relation class="oracle.dbtools.crest.model.design.logical.Relation" name="amostras_laboratório" directorySegmentName="seg_0" id="834069CE-444C-FAF9-C96E-8B8A16B9183B">
<createdBy>Marcio Mendes</createdBy>
<createdTime>2020-03-16 18:43:49 UTC</createdTime>
<ownerDesignName>ModeloConceitual</ownerDesignName>
<engineerTo>
<item key="F5E8D89C-084D-407B-E88C-D3669118A65D" value="true"/>
</engineerTo>
<identifying>false</identifying>
<optionalSource>false</optionalSource>
<optionalTarget>false</optionalTarget>
<sourceCardinality>1</sourceCardinality>
<sourceEntity>0650E9B6-5E49-AFE6-E706-D367A6C0C903</sourceEntity>
<targetCardinalityString>1</targetCardinalityString>
<targetEntity>A7AAB81B-45E4-00FB-9664-DD4BEBD05384</targetEntity>
<transferable>true</transferable>
<deleteRule>NO ACTION</deleteRule>
</Relation>