<?xml version = '1.0' encoding = 'UTF-8'?>
<Relation class="oracle.dbtools.crest.model.design.logical.Relation" name="análise_lab" directorySegmentName="seg_0" id="880501BF-2A20-289A-5B6B-AD008237B2D3">
<createdBy>Marcio Mendes</createdBy>
<createdTime>2020-03-16 19:16:05 UTC</createdTime>
<ownerDesignName>ModeloConceitual</ownerDesignName>
<engineerTo>
<item key="F5E8D89C-084D-407B-E88C-D3669118A65D" value="true"/>
</engineerTo>
<identifying>false</identifying>
<optionalSource>false</optionalSource>
<optionalTarget>false</optionalTarget>
<sourceCardinality>1</sourceCardinality>
<sourceEntity>A7AAB81B-45E4-00FB-9664-DD4BEBD05384</sourceEntity>
<targetCardinalityString>1</targetCardinalityString>
<targetEntity>B4E4DA6F-0629-3348-7AD8-4E3E6DE4490D</targetEntity>
<transferable>true</transferable>
<deleteRule>NO ACTION</deleteRule>
</Relation>