<?xml version = '1.0' encoding = 'UTF-8'?>
<Relation class="oracle.dbtools.crest.model.design.logical.Relation" name="amostragem_amostras" directorySegmentName="seg_0" id="9B99641A-AC41-C90C-9622-0F0154426254">
<createdBy>Marcio Mendes</createdBy>
<createdTime>2020-03-16 18:39:02 UTC</createdTime>
<ownerDesignName>ModeloConceitual</ownerDesignName>
<engineerTo>
<item key="F5E8D89C-084D-407B-E88C-D3669118A65D" value="true"/>
</engineerTo>
<identifying>false</identifying>
<optionalSource>false</optionalSource>
<optionalTarget>false</optionalTarget>
<sourceCardinality>1</sourceCardinality>
<sourceEntity>52CA5F33-0B47-6CFE-9927-D3AD337B3923</sourceEntity>
<targetCardinalityString>1</targetCardinalityString>
<targetEntity>0650E9B6-5E49-AFE6-E706-D367A6C0C903</targetEntity>
<transferable>true</transferable>
<deleteRule>NO ACTION</deleteRule>
</Relation>