<?xml version = '1.0' encoding = 'UTF-8'?>
<Relation class="oracle.dbtools.crest.model.design.logical.Relation" name="TAE_cliente" directorySegmentName="seg_0" id="9ED256FD-FD63-4CB4-9F38-3D3BA33E27AF">
<createdBy>Marcio Mendes</createdBy>
<createdTime>2020-03-16 19:07:47 UTC</createdTime>
<ownerDesignName>ModeloConceitual</ownerDesignName>
<engineerTo>
<item key="F5E8D89C-084D-407B-E88C-D3669118A65D" value="true"/>
</engineerTo>
<identifying>false</identifying>
<optionalSource>false</optionalSource>
<optionalTarget>false</optionalTarget>
<sourceCardinality>1</sourceCardinality>
<sourceEntity>4606B958-F64A-77CA-81DB-95BC7120946B</sourceEntity>
<targetCardinalityString>1</targetCardinalityString>
<targetEntity>7E84297A-12B0-5C1A-A445-374C3C6C6723</targetEntity>
<transferable>true</transferable>
<deleteRule>NO ACTION</deleteRule>
</Relation>