<?xml version = '1.0' encoding = 'UTF-8'?>
<Relation class="oracle.dbtools.crest.model.design.logical.Relation" name="equipamostragem" directorySegmentName="seg_0" id="A3C27B84-1CB2-7478-ADE4-B13F25ABB985">
<createdBy>Marcio Mendes</createdBy>
<createdTime>2020-03-16 18:49:02 UTC</createdTime>
<ownerDesignName>ModeloConceitual</ownerDesignName>
<engineerTo>
<item key="F5E8D89C-084D-407B-E88C-D3669118A65D" value="true"/>
</engineerTo>
<identifying>false</identifying>
<optionalSource>false</optionalSource>
<optionalTarget>false</optionalTarget>
<sourceCardinality>1</sourceCardinality>
<sourceEntity>132B8B8B-45C6-A5F2-8704-9E1321F0FFCE</sourceEntity>
<targetCardinalityString>1</targetCardinalityString>
<targetEntity>52CA5F33-0B47-6CFE-9927-D3AD337B3923</targetEntity>
<transferable>true</transferable>
<deleteRule>NO ACTION</deleteRule>
</Relation>