<?xml version = '1.0' encoding = 'UTF-8'?>
<Relation class="oracle.dbtools.crest.model.design.logical.Relation" name="amostragem_cliente" directorySegmentName="seg_0" id="AC7C8A2E-4092-B32B-562B-F0632ADFC25F">
<createdBy>Marcio Mendes</createdBy>
<createdTime>2020-03-16 18:34:41 UTC</createdTime>
<ownerDesignName>ModeloConceitual</ownerDesignName>
<engineerTo>
<item key="F5E8D89C-084D-407B-E88C-D3669118A65D" value="true"/>
</engineerTo>
<identifying>false</identifying>
<optionalSource>false</optionalSource>
<optionalTarget>false</optionalTarget>
<sourceCardinality>1</sourceCardinality>
<sourceEntity>52CA5F33-0B47-6CFE-9927-D3AD337B3923</sourceEntity>
<targetCardinalityString>1</targetCardinalityString>
<targetEntity>8B4231B8-15F4-DC2F-EE41-382A530DD74F</targetEntity>
<transferable>true</transferable>
<deleteRule>NO ACTION</deleteRule>
</Relation>