<?xml version = '1.0' encoding = 'UTF-8'?>
<Relation class="oracle.dbtools.crest.model.design.logical.Relation" name="Relation_24" directorySegmentName="seg_0" id="E001017C-4CE3-A691-E0FA-05F36B0503C4">
<createdBy>Marcio Mendes</createdBy>
<createdTime>2020-03-27 00:37:38 UTC</createdTime>
<ownerDesignName>ModeloConceitual</ownerDesignName>
<engineerTo>
<item key="F5E8D89C-084D-407B-E88C-D3669118A65D" value="true"/>
</engineerTo>
<identifying>false</identifying>
<optionalSource>false</optionalSource>
<optionalTarget>false</optionalTarget>
<sourceCardinality>1</sourceCardinality>
<sourceEntity>CC677362-412A-25B8-E1CB-09818D6A18C1</sourceEntity>
<targetCardinalityString>1</targetCardinalityString>
<targetEntity>8F599846-4B03-682F-C8C3-C00BB6EC9575</targetEntity>
<transferable>true</transferable>
<deleteRule>NO ACTION</deleteRule>
</Relation>