<?xml version = '1.0' encoding = 'UTF-8'?>
<Relation class="oracle.dbtools.crest.model.design.logical.Relation" name="cliente_comercial" directorySegmentName="seg_0" id="F754AF4F-2147-3073-8ED7-924AAAF5E2AA">
<createdBy>Marcio Mendes</createdBy>
<createdTime>2020-03-16 18:28:23 UTC</createdTime>
<ownerDesignName>ModeloConceitual</ownerDesignName>
<engineerTo>
<item key="F5E8D89C-084D-407B-E88C-D3669118A65D" value="true"/>
</engineerTo>
<identifying>false</identifying>
<optionalSource>false</optionalSource>
<optionalTarget>false</optionalTarget>
<sourceCardinality>1</sourceCardinality>
<sourceEntity>8B4231B8-15F4-DC2F-EE41-382A530DD74F</sourceEntity>
<targetCardinalityString>1</targetCardinalityString>
<targetEntity>0A179896-2C10-33F3-3226-6BC755B845C8</targetEntity>
<transferable>true</transferable>
<deleteRule>NO ACTION</deleteRule>
</Relation>