<?xml version = '1.0' encoding = 'UTF-8'?>
<Diagram class="oracle.dbtools.crest.swingui.logical.DPVLogical" name="Logical" id="6E0B1AF4-8C06-3AED-E585-3484FE097DE4">
<createdBy>Marcio Mendes</createdBy>
<modifiedBy>Marcio Mendes</modifiedBy>
<createdTime>2020-03-16 18:14:46 UTC</createdTime>
<autoRoute>false</autoRoute>
<boxInbox>true</boxInbox>
<showLegend>false</showLegend>
<showLabels>false</showLabels>
<showRelAttributes>false</showRelAttributes>
<gridEnabled>false</gridEnabled>
<showGrid>false</showGrid>
<diagramColor>-1</diagramColor>
<display>false</display>
<notation>1</notation>
<objectViews>
<OView class="oracle.dbtools.crest.swingui.logical.TVEntity" oid="0650E9B6-5E49-AFE6-E706-D367A6C0C903" otype="Entity" vid="D03864B7-64C7-9CF7-C6BD-11875134858A">
<hideElementsInCurrentOnly>false</hideElementsInCurrentOnly>
<bounds x="152" y="380" width="138" height="79"/>
</OView>
<OView class="oracle.dbtools.crest.swingui.logical.TVEntity" oid="0A179896-2C10-33F3-3226-6BC755B845C8" otype="Entity" vid="98109200-E7B9-A075-A5B4-93D5E485A478">
<hideElementsInCurrentOnly>false</hideElementsInCurrentOnly>
<bounds x="396" y="103" width="162" height="79"/>
</OView>
<OView class="oracle.dbtools.crest.swingui.logical.TVEntity" oid="132B8B8B-45C6-A5F2-8704-9E1321F0FFCE" otype="Entity" vid="A250054B-7C92-23E5-19D6-D4A9230935F4">
<hideElementsInCurrentOnly>false</hideElementsInCurrentOnly>
<bounds x="385" y="200" width="162" height="69"/>
</OView>
<OView class="oracle.dbtools.crest.swingui.logical.TVEntity" oid="344D0C96-F409-2456-57F5-748966792637" otype="Entity" vid="5FEF861B-66E1-5F02-1DF4-230D50B11FDF">
<hideElementsInCurrentOnly>false</hideElementsInCurrentOnly>
<bounds x="7" y="294" width="133" height="78"/>
</OView>
<OView class="oracle.dbtools.crest.swingui.logical.TVEntity" oid="4606B958-F64A-77CA-81DB-95BC7120946B" otype="Entity" vid="824769B9-EC46-569D-36C8-B0A23D3A09B6">
<hideElementsInCurrentOnly>false</hideElementsInCurrentOnly>
<bounds x="818" y="166" width="129" height="78"/>
</OView>
<OView class="oracle.dbtools.crest.swingui.logical.TVEntity" oid="4A0CC6DC-AD44-3B66-5A3E-C372D7EFB0D9" otype="Entity" vid="24C532A7-3122-493A-E0F8-3D44CE89B53A">
<hideElementsInCurrentOnly>false</hideElementsInCurrentOnly>
<bounds x="391" y="291" width="157" height="75"/>
</OView>
<OView class="oracle.dbtools.crest.swingui.logical.TVEntity" oid="4B536107-2FD7-6B83-C514-82FB044AB797" otype="Entity" vid="7DC467CB-D782-59CA-74C8-DB3C904871BD">
<hideElementsInCurrentOnly>false</hideElementsInCurrentOnly>
<bounds x="1019" y="171" width="139" height="66"/>
</OView>
<OView class="oracle.dbtools.crest.swingui.logical.TVEntity" oid="52CA5F33-0B47-6CFE-9927-D3AD337B3923" otype="Entity" vid="771C8309-811A-58BC-21D7-8592EC6D9F56">
<hideElementsInCurrentOnly>false</hideElementsInCurrentOnly>
<bounds x="157" y="207" width="132" height="75"/>
</OView>
<OView class="oracle.dbtools.crest.swingui.logical.TVEntity" oid="7E84297A-12B0-5C1A-A445-374C3C6C6723" otype="Entity" vid="F6F4B090-C287-1FDB-0414-A2F5948739E5">
<hideElementsInCurrentOnly>false</hideElementsInCurrentOnly>
<bounds x="617" y="166" width="150" height="89"/>
</OView>
<OView class="oracle.dbtools.crest.swingui.logical.TVEntity" oid="8B4231B8-15F4-DC2F-EE41-382A530DD74F" otype="Entity" vid="829336B1-132D-8455-1804-88B87C96800D">
<hideElementsInCurrentOnly>false</hideElementsInCurrentOnly>
<bounds x="150" y="43" width="149" height="74"/>
</OView>
<OView class="oracle.dbtools.crest.swingui.logical.TVEntity" oid="8F599846-4B03-682F-C8C3-C00BB6EC9575" otype="Entity" vid="169A3C4A-0613-F73E-E1A8-18FBC9A1185C">
<hideElementsInCurrentOnly>false</hideElementsInCurrentOnly>
<bounds x="1098" y="347" width="170" height="110"/>
</OView>
<OView class="oracle.dbtools.crest.swingui.logical.TVEntity" oid="9F258DAC-EF67-23EB-C5E3-2100C7C13B7B" otype="Entity" vid="A0F8A18F-D33D-14A1-8807-96E41065447E">
<hideElementsInCurrentOnly>false</hideElementsInCurrentOnly>
<bounds x="716" y="15" width="125" height="77"/>
</OView>
<OView class="oracle.dbtools.crest.swingui.logical.TVEntity" oid="A2C0C10E-C593-651A-8760-5305EC3CAC63" otype="Entity" vid="549662E4-A172-2872-F90E-A1F9D597B08F">
<hideElementsInCurrentOnly>false</hideElementsInCurrentOnly>
<bounds x="503" y="11" width="159" height="80"/>
</OView>
<OView class="oracle.dbtools.crest.swingui.logical.TVEntity" oid="A7AAB81B-45E4-00FB-9664-DD4BEBD05384" otype="Entity" vid="7CDCF553-56AA-3669-68ED-169EAE00FC68">
<hideElementsInCurrentOnly>false</hideElementsInCurrentOnly>
<bounds x="393" y="430" width="162" height="82"/>
</OView>
<OView class="oracle.dbtools.crest.swingui.logical.TVEntity" oid="B4E4DA6F-0629-3348-7AD8-4E3E6DE4490D" otype="Entity" vid="0848323D-4B3D-AB3D-A57B-A4B611EA3A99">
<hideElementsInCurrentOnly>false</hideElementsInCurrentOnly>
<bounds x="650" y="447" width="141" height="69"/>
</OView>
<OView class="oracle.dbtools.crest.swingui.logical.TVEntity" oid="B8237752-724B-A3EC-3CF9-31EA8D86FD53" otype="Entity" vid="145E7182-8893-5CDB-A400-3FCD35EEE3EE">
<hideElementsInCurrentOnly>false</hideElementsInCurrentOnly>
<bounds x="1033" y="28" width="161" height="71"/>
</OView>
<OView class="oracle.dbtools.crest.swingui.logical.TVEntity" oid="CC677362-412A-25B8-E1CB-09818D6A18C1" otype="Entity" vid="C69E54DD-0679-4C50-E877-AE353C1C229C">
<hideElementsInCurrentOnly>false</hideElementsInCurrentOnly>
<bounds x="840" y="310" width="125" height="81"/>
</OView>
<OView class="oracle.dbtools.crest.swingui.logical.TVEntity" oid="D057BA67-3766-A1ED-A593-59EFCE762AD5" otype="Entity" vid="468EB4E8-9F41-E4CF-758E-B577D6333DBD">
<hideElementsInCurrentOnly>false</hideElementsInCurrentOnly>
<bounds x="920" y="463" width="154" height="78"/>
</OView>
<OView class="oracle.dbtools.crest.swingui.logical.TVEntity" oid="EDA0A414-C32B-2470-5A60-BC296E7C2C44" otype="Entity" vid="9EAAEB36-0C9B-6932-D918-982B458785BF">
<hideElementsInCurrentOnly>false</hideElementsInCurrentOnly>
<bounds x="635" y="357" width="167" height="70"/>
</OView>
</objectViews>
<connectors>
<Connector class="oracle.dbtools.crest.swingui.logical.TVRelation" oid="0AA8195C-59B9-3D5F-13AD-476ECD3190E0" otype="Relation" vid_source="98109200-E7B9-A075-A5B4-93D5E485A478" vid_target="549662E4-A172-2872-F90E-A1F9D597B08F">
<hideElementsInCurrentOnly>false</hideElementsInCurrentOnly>
<backgroundColor>-16777216</backgroundColor>
<lineWidth>1</lineWidth>
<points>
<point x="558" y="132"/>
<point x="620" y="132"/>
<point x="620" y="91"/>
</points>
</Connector>
<Connector class="oracle.dbtools.crest.swingui.logical.TVRelation" oid="0B2029BD-A913-5C99-7413-204D4F056522" otype="Relation" vid_source="A0F8A18F-D33D-14A1-8807-96E41065447E" vid_target="145E7182-8893-5CDB-A400-3FCD35EEE3EE">
<hideElementsInCurrentOnly>false</hideElementsInCurrentOnly>
<backgroundColor>-16777216</backgroundColor>
<lineWidth>1</lineWidth>
<points>
<point x="841" y="60"/>
<point x="1033" y="60"/>
</points>
</Connector>
<Connector class="oracle.dbtools.crest.swingui.logical.TVRelation" oid="104139F7-0DDA-523F-2057-65B28F835595" otype="Relation" vid_source="468EB4E8-9F41-E4CF-758E-B577D6333DBD" vid_target="7CDCF553-56AA-3669-68ED-169EAE00FC68">
<hideElementsInCurrentOnly>false</hideElementsInCurrentOnly>
<backgroundColor>-16777216</backgroundColor>
<lineWidth>1</lineWidth>
<points>
<point x="920" y="541"/>
<point x="746" y="637"/>
<point x="555" y="512"/>
</points>
</Connector>
<Connector class="oracle.dbtools.crest.swingui.logical.TVRelation" oid="10615D01-D74F-B1A0-AEDF-94D3976A83BF" otype="Relation" vid_source="F6F4B090-C287-1FDB-0414-A2F5948739E5" vid_target="C69E54DD-0679-4C50-E877-AE353C1C229C">
<hideElementsInCurrentOnly>false</hideElementsInCurrentOnly>
<backgroundColor>-16777216</backgroundColor>
<lineWidth>1</lineWidth>
<points>
<point x="758" y="255"/>
<point x="841" y="310"/>
</points>
</Connector>
<Connector class="oracle.dbtools.crest.swingui.logical.TVRelation" oid="275F7F5B-CDDC-C59C-B931-76237DF019D6" otype="Relation" vid_source="C69E54DD-0679-4C50-E877-AE353C1C229C" vid_target="468EB4E8-9F41-E4CF-758E-B577D6333DBD">
<hideElementsInCurrentOnly>false</hideElementsInCurrentOnly>
<backgroundColor>-16777216</backgroundColor>
<lineWidth>1</lineWidth>
<points>
<point x="942" y="391"/>
<point x="942" y="463"/>
</points>
</Connector>
<Connector class="oracle.dbtools.crest.swingui.logical.TVRelation" oid="2AE4E983-7D63-7EC7-7DDF-C74204DF97FC" otype="Relation" vid_source="98109200-E7B9-A075-A5B4-93D5E485A478" vid_target="F6F4B090-C287-1FDB-0414-A2F5948739E5">
<hideElementsInCurrentOnly>false</hideElementsInCurrentOnly>
<backgroundColor>-16777216</backgroundColor>
<lineWidth>1</lineWidth>
<points>
<point x="558" y="182"/>
<point x="579" y="206"/>
<point x="617" y="206"/>
</points>
</Connector>
<Connector class="oracle.dbtools.crest.swingui.logical.TVRelation" oid="3266F18D-84D4-8B9C-4A9A-DB5B7DB1C168" otype="Relation" vid_source="24C532A7-3122-493A-E0F8-3D44CE89B53A" vid_target="7CDCF553-56AA-3669-68ED-169EAE00FC68">
<hideElementsInCurrentOnly>false</hideElementsInCurrentOnly>
<backgroundColor>-16777216</backgroundColor>
<lineWidth>1</lineWidth>
<points>
<point x="470" y="366"/>
<point x="470" y="430"/>
</points>
</Connector>
<Connector class="oracle.dbtools.crest.swingui.logical.TVRelation" oid="372AF779-962E-C0CC-52AF-CCBBFE8184B1" otype="Relation" vid_source="24C532A7-3122-493A-E0F8-3D44CE89B53A" vid_target="9EAAEB36-0C9B-6932-D918-982B458785BF">
<hideElementsInCurrentOnly>false</hideElementsInCurrentOnly>
<backgroundColor>-16777216</backgroundColor>
<lineWidth>1</lineWidth>
<points>
<point x="548" y="336"/>
<point x="714" y="336"/>
<point x="714" y="357"/>
</points>
</Connector>
<Connector class="oracle.dbtools.crest.swingui.logical.TVRelation" oid="3780EF9E-8102-983E-F244-B3388AB1411D" otype="Relation" vid_source="A0F8A18F-D33D-14A1-8807-96E41065447E" vid_target="549662E4-A172-2872-F90E-A1F9D597B08F">
<hideElementsInCurrentOnly>false</hideElementsInCurrentOnly>
<backgroundColor>-16777216</backgroundColor>
<lineWidth>1</lineWidth>
<points>
<point x="716" y="53"/>
<point x="662" y="53"/>
</points>
</Connector>
<Connector class="oracle.dbtools.crest.swingui.logical.TVRelation" oid="6E8894A7-475C-DD03-23A2-8352D9F0332D" otype="Relation" vid_source="5FEF861B-66E1-5F02-1DF4-230D50B11FDF" vid_target="771C8309-811A-58BC-21D7-8592EC6D9F56">
<hideElementsInCurrentOnly>false</hideElementsInCurrentOnly>
<backgroundColor>-16777216</backgroundColor>
<lineWidth>1</lineWidth>
<points>
<point x="74" y="294"/>
<point x="74" y="238"/>
<point x="157" y="238"/>
</points>
</Connector>
<Connector class="oracle.dbtools.crest.swingui.logical.TVRelation" oid="834069CE-444C-FAF9-C96E-8B8A16B9183B" otype="Relation" vid_source="D03864B7-64C7-9CF7-C6BD-11875134858A" vid_target="7CDCF553-56AA-3669-68ED-169EAE00FC68">
<hideElementsInCurrentOnly>false</hideElementsInCurrentOnly>
<backgroundColor>-16777216</backgroundColor>
<lineWidth>1</lineWidth>
<points>
<point x="290" y="444"/>
<point x="393" y="444"/>
</points>
</Connector>
<Connector class="oracle.dbtools.crest.swingui.logical.TVRelation" oid="880501BF-2A20-289A-5B6B-AD008237B2D3" otype="Relation" vid_source="7CDCF553-56AA-3669-68ED-169EAE00FC68" vid_target="0848323D-4B3D-AB3D-A57B-A4B611EA3A99">
<hideElementsInCurrentOnly>false</hideElementsInCurrentOnly>
<backgroundColor>-16777216</backgroundColor>
<lineWidth>1</lineWidth>
<points>
<point x="555" y="479"/>
<point x="650" y="479"/>
</points>
</Connector>
<Connector class="oracle.dbtools.crest.swingui.logical.TVRelation" oid="95436032-7AB7-0BAD-DF03-9C71143F1B2E" otype="Relation" vid_source="824769B9-EC46-569D-36C8-B0A23D3A09B6" vid_target="7DC467CB-D782-59CA-74C8-DB3C904871BD">
<hideElementsInCurrentOnly>false</hideElementsInCurrentOnly>
<backgroundColor>-16777216</backgroundColor>
<lineWidth>1</lineWidth>
<points>
<point x="947" y="204"/>
<point x="1019" y="204"/>
</points>
</Connector>
<Connector class="oracle.dbtools.crest.swingui.logical.TVRelation" oid="9B99641A-AC41-C90C-9622-0F0154426254" otype="Relation" vid_source="771C8309-811A-58BC-21D7-8592EC6D9F56" vid_target="D03864B7-64C7-9CF7-C6BD-11875134858A">
<hideElementsInCurrentOnly>false</hideElementsInCurrentOnly>
<backgroundColor>-16777216</backgroundColor>
<lineWidth>1</lineWidth>
<points>
<point x="223" y="282"/>
<point x="223" y="380"/>
</points>
</Connector>
<Connector class="oracle.dbtools.crest.swingui.logical.TVRelation" oid="9ED256FD-FD63-4CB4-9F38-3D3BA33E27AF" otype="Relation" vid_source="824769B9-EC46-569D-36C8-B0A23D3A09B6" vid_target="F6F4B090-C287-1FDB-0414-A2F5948739E5">
<hideElementsInCurrentOnly>false</hideElementsInCurrentOnly>
<backgroundColor>-16777216</backgroundColor>
<lineWidth>1</lineWidth>
<points>
<point x="818" y="205"/>
<point x="767" y="205"/>
</points>
</Connector>
<Connector class="oracle.dbtools.crest.swingui.logical.TVRelation" oid="A3C27B84-1CB2-7478-ADE4-B13F25ABB985" otype="Relation" vid_source="A250054B-7C92-23E5-19D6-D4A9230935F4" vid_target="771C8309-811A-58BC-21D7-8592EC6D9F56">
<hideElementsInCurrentOnly>false</hideElementsInCurrentOnly>
<backgroundColor>-16777216</backgroundColor>
<lineWidth>1</lineWidth>
<points>
<point x="385" y="238"/>
<point x="289" y="238"/>
</points>
</Connector>
<Connector class="oracle.dbtools.crest.swingui.logical.TVRelation" oid="AC7C8A2E-4092-B32B-562B-F0632ADFC25F" otype="Relation" vid_source="771C8309-811A-58BC-21D7-8592EC6D9F56" vid_target="829336B1-132D-8455-1804-88B87C96800D">
<hideElementsInCurrentOnly>false</hideElementsInCurrentOnly>
<backgroundColor>-16777216</backgroundColor>
<lineWidth>1</lineWidth>
<points>
<point x="223" y="207"/>
<point x="223" y="117"/>
</points>
</Connector>
<Connector class="oracle.dbtools.crest.swingui.logical.TVRelation" oid="E001017C-4CE3-A691-E0FA-05F36B0503C4" otype="Relation" vid_source="C69E54DD-0679-4C50-E877-AE353C1C229C" vid_target="169A3C4A-0613-F73E-E1A8-18FBC9A1185C">
<hideElementsInCurrentOnly>false</hideElementsInCurrentOnly>
<backgroundColor>-16777216</backgroundColor>
<lineWidth>1</lineWidth>
<points>
<point x="965" y="369"/>
<point x="1098" y="369"/>
</points>
</Connector>
<Connector class="oracle.dbtools.crest.swingui.logical.TVRelation" oid="F754AF4F-2147-3073-8ED7-924AAAF5E2AA" otype="Relation" vid_source="829336B1-132D-8455-1804-88B87C96800D" vid_target="98109200-E7B9-A075-A5B4-93D5E485A478">
<hideElementsInCurrentOnly>false</hideElementsInCurrentOnly>
<backgroundColor>-16777216</backgroundColor>
<lineWidth>1</lineWidth>
<points>
<point x="299" y="70"/>
<point x="436" y="70"/>
<point x="436" y="103"/>
</points>
</Connector>
</connectors>
</Diagram>